1298	Проблеми кој се поправени во Firefox 3	mk	\N	\N	\N		10	Проблеми кој се поправени во Firefox 3	0	0	1	0		http://mzl.la/1BAQW5X	1
1361	Кратенки за Тастатурата	mk	\N	\N	\N		10	Кратенки за Тастатурата	0	0	1	0		http://mzl.la/1xKs0vd	1
2371	За корисниците на Internet Explorer	mk	\N	\N	669		20	За корисниците на Internet Explorer	0	1	1	0			1
3527	Како да го направите Firefox основен прелистувач	mk	\N	\N	770		20	Како да го направите Firefox основен прелистувач	0	0	1	0			1
3873	mr	mk	\N	\N	889		10	mr	0	0	1	0			1
4155	Дали Firefox работи на Windows 7	mk	4207	4207	763	<p>Да,  Firefox 3.0, 3.5, и 3.6 ќе работат на Windows 7 исто како што работат на Windows Vista and Windows XP.\
</p><p>За помош како да го инсталирате Firefox, погледнете нa <a href="/mk/kb/how-download-and-install-firefox-windows">How to download and install Firefox on Windows</a>.\
</p>	20	Дали Firefox работи на Windows 7	0	1	1	0			1
4212	Како да ја поставите почетната страница	mk	4264	4264	833	<p>Firefox ја прикажува почетната страница кога ќе го подигнете прелистувачот. Може да ја замените основната почента страница со која било друга страница, повеќе страници или празна страница.\
</p>\
<ul><li> Ако нон-стоп го гледате "Firefox has just updated" јазичето, погледнете го записот <a href="/mk/kb/firefox-says-its-just-updated-every-time-it-starts">Firefox says it's just updated every time it starts - how to fix</a>.\
</li></ul>\
<p>{maketoc title="Содржина"} \
</p><p><br>\
</p>\
<h1 id="w_yukiaaiai-iiilu-hig-aaauliiu-iu-i-cunuau-laiialu-aaauliiu">Наместете едена веб страница да е Вашата почетна страница</h1>\
<ol><li>Отворете ја страницата која сакате да е Ваша почетна страница.\
</li><li>Кликнете на иконата лево од веб адресата на страницата и влечете ја врз Дома копчето.\
\
\
  \
\
\
\
\
\
\
\
<img alt="083553582a5d40c93d919446ceffd07e-1274719354-386-1.png" class="wiki-image frameless lazy" data-original-src="https://user-media-stage-cdn.itsre-sumo.mozilla.net/uploads/gallery/images/083553582a5d40c93d919446ceffd07e-1274719354-386-1.png" src="https://static-media-stage-cdn.itsre-sumo.mozilla.net/static/sumo/img/placeholder.gif" title="">\
\
\
\
</li><li>Кликнете <span class="button">Да</span> за да потврдите.\
</li></ol>\
<h1 id="w_yukiaaiai-lahiui-hig-aaauliii-iu-ai-cunu-laiialu-aaauliiu">Наместете повеќе веб страници да се Ваша почетна страница</h1>\
<ol><li> Отворете ја првата страница кој сакате да ја наместите како почетна страница.\
</li><li> Отворете ги останатите страници во нови табови.\
</li><li> Одберете го Алатки менито, и кликнете на Опции.\
\
\
  \
\
\
\
\
\
\
\
<img alt="083553582a5d40c93d919446ceffd07e-1274719364-491-1.png" class="wiki-image frameless lazy" data-original-src="https://user-media-stage-cdn.itsre-sumo.mozilla.net/uploads/gallery/images/083553582a5d40c93d919446ceffd07e-1274719364-491-1.png" src="https://static-media-stage-cdn.itsre-sumo.mozilla.net/static/sumo/img/placeholder.gif" title="">\
\
\
\
</li><li> Кликнете на <span class="button">Сите вчитани</span>.\
</li><li> Кликнете на <span class="button">Во ред</span> за да го затворите прозорецот.\
</li></ol>\
<h1 id="w_oalaaakiauoai-naa-iu-ai-laijuichu-jahu-ui-ha-laiihliai-firefox">Контролирајте што да се прикажува кога ќе го подигнете Firefox</h1>\
<ol><li> Одберете го менито Алатки, и кликнете на Опции.\
</li><li> Во делот Кога се стартува Firefox, одберете што сакате да се отвара кога ќе го подигнете \
</li></ol>\
<ul><li><ul><li> <strong>Прикажи ја мојата домашна страница</strong> - Ја прикажува домашната страница.\
</li><li> <strong>Прикажи празна страница</strong> - Прикажува празна страница, која најбрзо се вчитува.\
</li><li> <strong>Прикажи ги моите прозорци и јазичиња од последната сесија</strong> - Ги враќа страниците кои ги имате посетено последно пред да го затворите Firefox. За повеќе инфорамции погледнете го записот <a href="/mk/kb/restore-previous-session">Restore previous session - Configure when Firefox shows your most recent tabs and windows</a>.\
</li></ul>\
</li></ul>\
<ol><li> Кликнете на <span class="button">Во ред</span> за да го затворите прозорецот.\
</li></ol>\
<h1 id="w_cauaiai-ou-aalahluau-iakunlu-aaauliiu">Вратете ја основната домашна страница</h1>\
<ol><li> Одберете го Алатки менито, и кликнете на Опции.\
</li><li> Одберете го Централа панелот.\
</li><li> Во стартување делот кликнете на <span class="button">Основна страница</span>.\
\
\
  \
\
\
\
\
\
\
\
<img alt="083553582a5d40c93d919446ceffd07e-1274719364-491-2.png" class="wiki-image frameless lazy" data-original-src="https://user-media-stage-cdn.itsre-sumo.mozilla.net/uploads/gallery/images/083553582a5d40c93d919446ceffd07e-1274719364-491-2.png" src="https://static-media-stage-cdn.itsre-sumo.mozilla.net/static/sumo/img/placeholder.gif" title="">\
\
\
\
</li><li> Кликнете на <span class="button">Во ред</span> за да го затворите прозорецот.\
</li></ol>	20	Како да ја поставите почетната страница	0	0	1	0			1
5025	Инсталирање на Firefox	mk	6217	6217	699	<h1 id="w_yuiahauichuai-ai-laiaeailu-hiaiiou">Надоградувате од претходна верзија?</h1>\
<p>Доколку се надоградувате од претходна верзија на Firefox, погледнете го  <a href="/mk/kb/azhurirae-na-firefox-vo-nanovata-verzi">Ажурирање на Firefox во најновата верзија</a> текстот.\
</p>\
<h1 id="w_okijliai-lu-aliauaihliaa-aiaaik-lu-jao-naa-ha-ilaaukiauai-firefox">Кликнете на оперативниот систем на кој што го инсталирате Firefox.</h1>\
<h2 id="w_imagevista-jpgvalignmiddlepageinstalling-firefox-on-windows-installing-firefox-on-windows">\
\
\
  \
\
\
\
\
\
\
\
  <a href="/mk/kb/how-download-and-install-firefox-windows">\
\
<img alt="vista.jpg" class="wiki-image frameless lazy" data-original-src="https://user-media-stage-cdn.itsre-sumo.mozilla.net/uploads/gallery/images/vista.jpg" src="https://static-media-stage-cdn.itsre-sumo.mozilla.net/static/sumo/img/placeholder.gif" style="vertical-align: middle;">\
\
  </a>\
\
\
 <a href="/mk/kb/how-download-and-install-firefox-windows">How to download and install Firefox on Windows</a></h2>\
<h2 id="w_imagemacos-jpgvalignmiddlepageinstalling-firefox-on-mac-installing-firefox-on-mac">\
\
\
  \
\
\
\
\
\
\
\
  <a href="/mk/kb/how-download-and-install-firefox-mac">\
\
<img alt="macos.jpg" class="wiki-image frameless lazy" data-original-src="https://user-media-stage-cdn.itsre-sumo.mozilla.net/uploads/gallery/images/macos.jpg" src="https://static-media-stage-cdn.itsre-sumo.mozilla.net/static/sumo/img/placeholder.gif" style="vertical-align: middle;">\
\
  </a>\
\
\
 <a href="/mk/kb/how-download-and-install-firefox-mac">How to download and install Firefox on Mac</a></h2>\
<h2 id="w_imagelinux-jpgvalignmiddlepageinstalling-firefox-on-linux-installing-firefox-on-linux">\
\
\
  \
\
\
\
\
\
\
\
  <a href="/mk/kb/install-firefox-linux">\
\
<img alt="linux.jpg" class="wiki-image frameless lazy" data-original-src="https://user-media-stage-cdn.itsre-sumo.mozilla.net/uploads/gallery/images/linux.jpg" src="https://static-media-stage-cdn.itsre-sumo.mozilla.net/static/sumo/img/placeholder.gif" style="vertical-align: middle;">\
\
  </a>\
\
\
 <a href="/mk/kb/install-firefox-linux">Install Firefox on Linux</a></h2>\
<h1 id="w_olaaukiauoi-lu-firefox-lu-kagikli-caiii">Инсталирање на Firefox на мобилни уреди</h1>\
<p>Се работи на овој дел од текстот.\
</p>\
<h2 id="w_firefox-lu-iphone">Firefox на iPhone</h2>\
<p>Мобилната верзија на Firefox не може да се достави на платформата на iPhone поради правилата на Apple.\
</p><p>\
<br> <br>\
<em><strong>Базирано на  <a href="http://kb.mozillazine.org/Installing_Firefox">Installing Firefox (mozillaZine KB)</a></strong></em>\
</p>	20	Инсталирање на Firefox	0	1	1	0			1
5863	Извештаи за уривање на приклучоците	mk	\N	\N	817		10	izveshtai-za-urivanje-na-prikluchocite	0	0	1	0			1
7548	Локализирај ја помошта за Фаерфокс	mk	\N	\N	838		30	lokalizira-pomoshta-za-faerfoks	0	0	0	0			1
7652	Најважни статии за локализација	mk	\N	\N	5787		50	najvazhni-statii-za-lokalizacija	0	1	0	0			1
7697	Приватно сурфање	mk	\N	\N	901		20	privatno-surfanje	0	0	1	0			1
27256	Често поставувани прашања	mk	98451	\N	22779	<p>Овде следува збир од врски што водат кон најважните страници, што пак објаснуваат како да се користат некои од основните функции и да се поправат сите проблеми со кои можете да се соочите при користење на Firefox.\
</p><p>За да дознаете повеќе, кликнете на врската што најдобро се совпаѓа со информацијата што ја барате:\
</p>\
<ul><li><a href="/mk/kb/%D0%9A%D0%B0%D0%BA%D0%BE%20%D0%B4%D0%B0%20%D1%98%D0%B0%20%D0%BF%D0%BE%D1%81%D1%82%D0%B0%D0%B2%D0%B8%D1%82%D0%B5%20%D0%BF%D0%BE%D1%87%D0%B5%D1%82%D0%BD%D0%B0%D1%82%D0%B0%20%D1%81%D1%82%D1%80%D0%B0%D0%BD%D0%B8%D1%86%D0%B0">Како да ја поставите почетната страница</a>, што го содржи следното:\
<ul><li>Поставување или менување на Вашата домашна страница\
</li><li>Враќање на стандардната домашна страница\
</li><li>Имате проблеми?\
</li></ul>\
</li></ul>\
<ul><li><a href="/mk/kb/private-browsing-use-firefox-without-history">Private Browsing - Use Firefox without saving history</a>, што го содржи следното:\
<ul><li>Како да отворам нов приватен прозорец?\
</li><li>Како да вклучам приватно сурфање?\
</li><li>Како да исклучам приватно сурфање?\
</li><li>Зошто приватното сурфање не зачувува информации?\
</li><li>Други начини за контрола на зачувување информации со Firefox\
</li></ul>\
</li></ul>\
<ul><li><a href="/mk/kb/refresh-firefox-reset-add-ons-and-settings">Refresh Firefox - reset add-ons and settings</a>, што го содржи следното:\
<ul><li>Ресетирај го Firefox во почетната состојба\
</li><li>За што служи опцијата Освежи?\
</li></ul>\
</li></ul>\
<ul><li><a href="/mk/kb/send-plugin-crash-reports-help-improve-firefox">Send plugin crash reports to help Mozilla improve Firefox</a>, што го содржи следното:\
<ul><li>Што се додатоци?\
</li><li>Што е уривање?\
</li><li>Кои информации се праќаат преку извештајот за уривање?\
</li><li>Како да ги спречам додатоците од уривање?\
</li></ul>\
</li></ul>\
<ul><li><a href="/mk/kb/troubleshoot-firefox-issues-using-safe-mode">Troubleshoot Firefox issues using Safe Mode</a>, што го содржи следното:\
<ul><li>Како да го стартувате Firefox во безбеден режим\
</li><li>Прозорец за безбеден режим\
</li><li>Решавање проблеми во безбеден режим\
</li><li>Излегување од безбеден режим\
</li><li>Направете постојани промени во Firefox со користење на безбеден режим\
</li></ul>\
</li></ul>\
<p><a href="/mk/kb/firefox-hangs-or-not-responding">Firefox hangs or is not responding - How to fix</a>, што го содржи следното:\
</p>\
<ul><li><ul><li>Firefox откажува при неодредено користење\
</li><li>Firefox откажува за време на пуштање Flash видеа\
</li><li>Firefox откажува по користење подолго време\
</li><li>Надградба на Firefox\
</li><li>Firefox откажува додека го вчитува првиот прозорец\
</li><li>Забрзување на враќањето на сесија\
</li><li>Firefox откажува при преземање датотеки или зачувување слики\
</li><li>Firefox откажува при затварање\
</li></ul>\
</li></ul>\
<ul><li><a href="/mk/kb/firefox-crashes-troubleshoot-prevent-and-get-help">Firefox crashes - Troubleshoot, prevent and get help fixing crashes</a>, што го содржи следното:\
<ul><li>Надградба на Вашиот софтвер\
</li><li>Проверка за вируси или шпионски програми\
</li><li>Проверка за уривање при користење на безбеден режим\
</li><li>Проверка на хардвер\
</li><li>Побарај помош за поправка на ова уривање\
</li></ul>\
</li></ul>	20	chesto-postavuvani-prashanja	0	0	1	0			1
27264	Често поставувани прашања Redirect 1	mk	97796	\N	\N	<p>REDIRECT <a href="/mk/kb/chesto-postavuvani-prashanja">Често поставувани прашања</a>\
</p>	20	често-поставувани-прашања	0	0	1	0		http://mzl.la/1IuF0Vk	1
27265	Често поставувани прашања Redirect 2	mk	97797	\N	\N	<p>REDIRECT <a href="/mk/kb/chesto-postavuvani-prashanja">Често поставувани прашања</a>\
</p>	20	chesto-postavuvani-prasha	0	0	1	0		http://mzl.la/1HazFHX	1
27266	Template:AndroidMenuLocation	mk	\N	\N	12861		60	templateandroidmenulocation	1	0	1	0			1
27267	Template:AndroidMore	mk	\N	\N	16589		60	templateandroidmore	1	0	1	0			1
27268	Template:ApplytoFx	mk	\N	\N	8301		60	templateapplytofx	1	0	1	0			1
27269	Template:DisableHWAflash	mk	\N	\N	16655		60	templatedisablehwaflash	1	0	1	0			1
27271	Template:ExportHTMLBookmarks	mk	\N	\N	7967		60	templateexporthtmlbookmarks	1	0	1	0			1
27272	Template:FOSNotificationTray	mk	\N	\N	16797		60	templatefosnotificationtray	1	0	1	0			1
27273	Template:FxOS1.1	mk	\N	\N	15113		60	templatefxos11	1	0	1	0			1
27274	Template:FxOSUpdates	mk	\N	\N	15111		60	templatefxosupdates	1	0	1	0			1
27275	Template:ImportHTMLBookmarks	mk	\N	\N	7899		60	templateimporthtmlbookmarks	1	0	1	0			1
27276	Template:MixedContent	mk	\N	\N	14159		60	templatemixedcontent	1	0	1	0			1
27284	Template:Open Add-ons	mk	\N	\N	6828		60	templateopen-add-ons	1	0	1	0			1
27285	Template:OpenBookmarksLibrary	mk	\N	\N	7463		60	templateopenbookmarkslibrary	1	0	1	0			1
27286	Template:OpenHistoryLibrary	mk	\N	\N	7922		60	templateopenhistorylibrary	1	0	1	0			1
27287	Template:OpenProfileFolder	mk	\N	\N	6671		60	templateopenprofilefolder	1	0	1	0			1
27288	Template:ReportBrokenWebsite	mk	\N	\N	7751		60	templatereportbrokenwebsite	1	0	1	0			1
27289	Template:ShareArticle	mk	\N	\N	10042		60	templatesharearticle	1	0	1	0			1
27290	Template:Tracking	mk	\N	\N	7868		60	templatetracking	1	0	1	0			1
27291	Template:Troubleshooting topic	mk	\N	\N	17118		60	templatetroubleshooting-topic	1	0	1	0			1
27292	Template:UpdateProblems	mk	\N	\N	7863		60	templateupdateproblems	1	0	1	0			1
27293	Template:aboutconfig	mk	97962	\N	16	<p>Во <a class="new" href="/mk/kb/new?title=%D0%9F%D1%80%D0%B5%D0%B1%D0%B0%D1%80%D0%B0%D1%98%D1%82%D0%B5+%D0%B3%D0%B8+%D0%92%D0%B0%D1%88%D0%B8%D1%82%D0%B5+%D0%BE%D0%B1%D0%B5%D0%BB%D0%B5%D0%B6%D1%83%D0%B2%D0%B0%D1%87%D0%B8%2C+%D0%B8%D1%81%D1%82%D0%BE%D1%80%D0%B8%D1%98%D0%B0+%D0%B8+%D1%98%D0%B0%D0%B7%D0%B8%D1%87%D0%B8%D1%9A%D0%B0+%D1%81%D0%BE+%D0%BB%D0%BE%D0%BA%D0%B0%D1%86%D0%B8%D1%81%D0%BA%D0%B0%D1%82%D0%B0+%D0%BB%D0%B5%D0%BD%D1%82%D0%B0" title="Page does not exist.">Локациската лента</a>, внесете <strong>about:config</strong> и притиснете <span class="for" data-for="win,linux"><span class="key">Enter</span></span><span class="for" data-for="mac"><span class="key">Return</span></span>.\
</p>\
<ul><li> Може да се појави страницата со предупредување за about:config  со наслов <em>"Ова може да ја поништи Вашата гаранција!"</em>. Притиснете <span class="button">Ќе внимавам, ветувам!</span>, за да продолжите до страницата about:config.\
</li></ul>	60	templateaboutconfig	1	0	1	0			1
27310	Template:aboutconfigwarning	mk	\N	\N	27070		60	templateaboutconfigwarning	1	0	1	0			1
27315	Template:aboutmixedcontent	mk	\N	\N	15665		60	templateaboutmixedcontent	1	0	1	0			1
27316	Template:accountsettings	mk	\N	\N	17183		60	templateaccountsettings	1	0	1	0			1
27318	Template:addcomputer	mk	\N	\N	6067		60	templateaddcomputer	1	1	1	0			1
27319	Template:adddevices	mk	\N	\N	6092		60	templateadddevices	1	0	1	0			1
27320	Template:addmobiledevice	mk	\N	\N	6065		60	templateaddmobiledevice	1	1	1	0			1
27322	Template:addonnote	mk	\N	\N	19987		60	templateaddonnote	1	0	1	0			1
27323	Template:amo	mk	\N	\N	6006		60	templateamo	1	0	1	0			1
27325	Template:appsearch1.1	mk	\N	\N	15124		60	templateappsearch11	1	0	1	0			1
27337	Решавање проблем на Firefox OS	mk	98453	\N	10960	<p>Овој напис ќе ве воведе  во решавањето проблеми со вашиот уред или апликација преку неколку едноставни чекори. \
</p>\
<div class="warning"><strong>Предупредување:</strong> Доколку мислите дека постои неисправност со Вашиот уред, Ве молиме да го контактирате продажниот салон каде сте го набавиле за проверка на можни проблеми со хардверот. .</div>\
<div class="warning"><strong>Предупредување:</strong> Доколку имате прашања поврзани со Вашата сметка, Ве молиме да го контактирате Вашиот оператор.</div>\
<div id="toc"><h2>Table of Contents</h2><ul><li class="toclevel-1"><a href="#w_uuahaauoi-lu-ulkijuiiou-jaou-naa-i-iukailuau-iki-li-aiuhiau"><span class="tocnumber">1</span> <span class="toctext">Затворање на апликација која што е замрзната или не реагира</span></a></li><li class="toclevel-1"><a href="#w_zaihcauoai-ai-iiju-aai-lahaiuli-lu-olaialia"><span class="tocnumber">2</span> <span class="toctext">Осигурајте се дека сте поврзани  на Интернет</span></a></li><li class="toclevel-1"><a href="#w_yulauhiai-laahiaju-iu-uicaiauou"><span class="tocnumber">3</span> <span class="toctext">Направете проверка за ажурирања</span></a></li><li class="toclevel-1"><a href="#w_aiaauaaiauoi-lu-cuniaa-caii"><span class="tocnumber">4</span> <span class="toctext">Рестартирање на Вашиот уред</span></a></li><li class="toclevel-1"><a href="#w_aiaiaiauoi-lu-cuniaa-caii"><span class="tocnumber">5</span> <span class="toctext">Ресетирање на Вашиот уред</span></a></li><li class="toclevel-1"><a href="#w_eagioai-ialakliaiklu-lakan-iki-juiiai-li-naa-kiakiai"><span class="tocnumber">6</span> <span class="toctext">Добијте дополнителна помош или кажете ни што мислите</span></a></li></ul></div>\
<h1 id="w_uuahaauoi-lu-ulkijuiiou-jaou-naa-i-iukailuau-iki-li-aiuhiau">Затворање на апликација која што е замрзната или не реагира</h1>\
<div class="for" data-for="not fxos2.0"><p>Лесно може да прекинете апликација со помош на менувачот на апликации.\
</p>\
<ol><li>Држете го притиснато копчето Дома на долниот дел од уредот.\
</li><li>Менувачот на апликации ќе се појави со слики од Вашите тековни апликации.\
</li><li>Лизгајте низ сликите за да ја најдете апликацијата што сакате да ја затворите (доколку имате повеќе од една отворена апликација).\
</li><li>Лизгајте нагоре за да ја затворите апликацијата или допрете на <span class="button">X</span> на горниот лев агол на сликата и апликацијата ќе се затвори. \
<dl><dt>\
\
\
  \
\
\
\
\
\
\
\
<img alt="How to close an app" class="wiki-image frameless lazy" data-original-src="https://user-media-stage-cdn.itsre-sumo.mozilla.net/uploads/gallery/images/2013-03-29-09-25-59-8a0d78.png" src="https://static-media-stage-cdn.itsre-sumo.mozilla.net/static/sumo/img/placeholder.gif" title="">\
\
\
\
</dt></dl>\
</li><li>Допрете на копчето Дома за да се вратите на почетниот екран.\
</li></ol>\
<p>За повеќе информации, видете го написот <a href="/mk/kb/switch-or-quit-apps">Switch or quit apps</a>.\
</p></div><div class="for" data-for="fxos2.0"><p>Лесно може да прекинете апликација со помош на менувачот на апликации.\
</p>\
<ol><li>Држете го притиснато копчето Дома на долниот дел од уредот.\
</li><li>Менувачот на апликации ќе се појави со слики од Вашите тековни апликации.\
</li><li>Ако имате повеќе отворени апликации, лизгајте низ нив за да ја најдете таа што сакате да ја затворите/\
</li><li>Допрете на <span class="button">X</span> во горниот десен ќош на апликацијата за да ја затворите.\
<dl><dt>\
\
\
  \
\
\
\
\
\
\
\
<img alt="close 2.0" class="wiki-image frameless lazy" data-original-src="https://user-media-stage-cdn.itsre-sumo.mozilla.net/uploads/gallery/images/2014-11-02-19-06-11-716f6b.png" src="https://static-media-stage-cdn.itsre-sumo.mozilla.net/static/sumo/img/placeholder.gif" title="">\
\
\
\
</dt></dl>\
</li><li>Стиснете на копчето Дома за да се вратите на почеток.\
</li></ol>\
<p>За повеќе информации, видете го написот <a href="/mk/kb/switch-or-quit-apps">Switch or quit apps</a>.\
</p></div>\
<h1 id="w_zaihcauoai-ai-iiju-aai-lahaiuli-lu-olaialia">Осигурајте се дека сте поврзани  на Интернет</h1>\
<p>За да функционираат некои апликации потребна е податочна врска. Проверете дали имате податочна или Wi-Fi врска и обидете се повторно.\
</p>\
<ol><li>Повлечете го надоле панелот за известувања од горниот дел на екранот.\
<dl><dt>\
\
\
  \
\
\
\
\
\
\
\
<img alt="Internet connection" class="wiki-image frameless lazy" data-original-src="https://user-media-stage-cdn.itsre-sumo.mozilla.net/uploads/gallery/images/2013-10-18-11-53-42-d6688a.png" src="https://static-media-stage-cdn.itsre-sumo.mozilla.net/static/sumo/img/placeholder.gif" title="">\
\
\
\
</dt></dl>\
</li><li>Доколку иконата за Wi-Fi или податочна врска не е сина, допрете ја за да се поврзете.\
</li></ol>\
<p>За подетални информации, видете го написот <a href="/mk/kb/connect-wi-fi-or-data">Connect to Wi-Fi or data</a>..\
</p>\
<h1 id="w_yulauhiai-laahiaju-iu-uicaiauou">Направете проверка за ажурирања</h1>\
<p>Еве како рачно да проверите за ажурирања на системот или на апликациите:\
The template "FxOSUpdates" does not exist or has no approved revision.\
</p>\
<ol><li>Отворете ја апликацијата Поставки на Вашиот уред.\
</li><li>Лизгајте надоле до делот <em>Уред</em> и изберете <strong>Информации за уредот</strong>.\
</li><li>На екранот со Информации за Уредот, одете надоле до делот <em>Софтверски ажурирања</em> и допрете на <span class="button">Провери сега</span>.\
</li></ol>\
<p>За подетални информации, видете го написот <a href="/mk/kb/update-new-version-firefox-os">Update to a new version</a>\
</p><p><br>\
</p>\
<h1 id="w_aiaauaaiauoi-lu-cuniaa-caii">Рестартирање на Вашиот уред</h1>\
<p>Брзото рестартирање може да поправи многу проблеми.\
</p><div class="for" data-for="not fxos2.0"><p>За да го рестартирате Вашиот Firefox OS уред, држете го притиснато копчето за вклучување/исклучување и потоа притиснете на  <span class="button">Рестартирај го телефонот</span> од менито.\
Ако Вашиот уред не реагира и не можете да го рестартирате, пробајте со т.н. тврдо рестартирање .\
</p>\
<ol><li>Отворете го капакот на уредот каде што се наоѓа батеријата.\
</li><li>Извадете ја и потоа вратете ја батеријата назад.\
</li><li>Вратете го капакот на батеријата назад.\
</li><li>Држете го притиснато копчето за вклучување/исклучување за да го вклучите уредот .\
</li></ol>\
</div><div class="for" data-for="fxos2.0"><p>За да го рестартирате Вашиот Firefox OS уред, држете го притиснато копчето за вклучување/исклучување и потоа притиснете на  <span class="button">Рестартирај го телефонот</span> од менито.\
Ако Вашиот уред не реагира, пробајте со т.н. тврдо рестартирање:\
</p>\
<ol><li>Отворете го капакот на уредот каде што се наоѓа батеријата.\
</li><li>Извадете ја и потоа вратете ја батеријата назад.\
</li><li>Вратете го капакот на батеријата назад.\
</li><li>Држете го притиснато копчето за вклучување/исклучување за да го вклучите уредот .\
</li></ol>\
</div>\
<h1 id="w_aiaiaiauoi-lu-cuniaa-caii">Ресетирање на Вашиот уред</h1>\
<div class="for" data-for="not fxos1.3">\
<div class="warning"> <strong>Предупредување:</strong> Ресетирањето на Вашиот уред ќе ги избрише сите Ваши податоци како апликации, контакти, електронска пошта, пораки, календари и поставки. Тоа ќе го врати Вашиот телефон во состојба како што сте го купиле. Користете го овој чекор во краен случај.</div>\
<ol><li>Отворете ја апликацијата Поставки на Вашиот уред.\
</li><li>Лизгајте надоле до делот <em>Уред</em> секцијата и изберете <span class="menu">Информации за уредот</span>.\
</li><li>На екранот со Информации за уредот, допрете на <span class="button">Повеќе информации</span>.\
</li><li>Допрете на <span class="button">Рестартирај го телефонот</span> и потоа на <span class="button">OK</span>.\
</li></ol>\
<p>Сите купени апликации можете повторно да ги инсталирате со пријавување на пазарот на апликации и проверување во делот  Мои апликации. За повеќе информации, видете  го написот <a href="/mk/kb/what-is-the-marketplace">What is the Marketplace?</a>\
</p></div><div class="for" data-for="fxos1.3">\
<div class="warning"> <strong>Предупредување:</strong> Ресетирањето на Вашиот уред ќе ги избрише сите Ваши податоци како апликации, контакти, електронска пошта, пораки, календари и поставки. Тоа ќе го врати Вашиот телефон во состојба како што сте го купиле. Користете го овој чекор во краен случај.</div>\
<ol><li>Отворете ја апликацијата Поставки на Вашиот уред.\
</li><li>Лизгајте надоле до делот <em>Уред</em> секцијата и изберете <span class="menu">Информации за уредот</span>.\
</li><li>На екранот со Информации за уредот, допрете на <span class="button">Повеќе информации</span>.\
</li><li>Допрете на <span class="button">Рестартирај го телефонот</span> и потоа на <span class="button">OK</span>.\
</li></ol>\
<p>Сите купени апликации можете повторно да ги инсталирате со пријавување на пазарот на апликации и проверување во делот  Мои апликации. За повеќе информации, видете  го написот <a href="/mk/kb/what-is-the-marketplace">What is the Marketplace?</a>\
</p></div><p>Доколку не можете нормално да го ресетирате Вашиот уред, можете да извршите т.н. тврдо ресетирање.\
</p>\
<ol><li>Уверете се дека Вашиот уред е исклучен. Ако не можете да го исклучите нормално, извадете ја батеријата и потоа вратете ја назад.\
</li><li>Држете го копчето за вклучување/исклучување, копчето Дома и копчето за јачина на тон, сите три во исто време додека не го видите екранот за ресетирање.\
</li><li>Притиснете го копчето за јачина на звук нагоре за да продолжите со ресетирање на Вашиот уред.\
</li></ol>\
<h1 id="w_eagioai-ialakliaiklu-lakan-iki-juiiai-li-naa-kiakiai">Добијте дополнителна помош или кажете ни што мислите</h1>\
<p>Доколку имате проблем со извршување на овие чекори или тие не го решат проблемот, ве молиме да го контактирате продажниот салон од каде го набавивте телефонот или <a href="https://support.mozilla.org/questions/new/firefox-os">прашајте ја нашата волонтерска заедница за помош.</a>\
</p><p>Заедницата Mozilla ги користи Вашите коментари и укажувања за да го подобри Firefox OS. \
</p><p>За да ни пратите коментар:\
</p>\
<ol><li>Отворете ја апликацијата Поставки..\
</li><li>Лизгајте надоле до делот <em>Уред</em> и изберете <strong>Подобрување Firefox OS</strong>.\
</li><li>Потоа допрете na <span class="button">Прати коментар</span>.\
</li><li>Допрете ја иконата <strong>Среќен</strong> или <strong>Тажен</strong> да укажете како се чувствувате во врска со Firefox OS.\
</li><li>Вметнете ги вашите коментари во следниот екран.\
</li><li>На крај, допрете на <span class="button">Прати коментар</span>. Готови сте. Помогнавте да се подобри Firefox OS!\
</li></ol>	20	reshavanje-problem-na-firefox-os	0	0	1	0			1
27339	Започнете со Firefox - Краток преглед на главните опции	mk	\N	\N	869		20	zapochnete-so-firefox-kratok-pregled-na-glavnite-opcii	0	0	1	0		http://mzl.la/1IjQNdk	1
27341	Освежување Firefox - ресетирање додатоци и поставки	mk	\N	\N	8191		20	osvezhuvae-firefox-resetirae-dodatoci-i-postavki	0	0	1	0		http://mzl.la/1IJFFCb	1
27346	Поставки за стартување, матична страница и симнување	mk	\N	\N	741		20	postavki-za-startuvanje-matichna-stranica-i-simnuvanje	0	0	1	0		http://mzl.la/1NpNm4c	1
27351	Зошто морам да притиснам за да активирам приклучоци?	mk	\N	\N	12080		10	zoshto-moram-da-pritisnam-za-da-aktiviram-prikluchoci	0	0	1	0		http://mzl.la/1BYPY8F	1
27353	Популарни теми на Firefox за Android	mk	\N	\N	21762		20	popularni-temi-na-firefox-za-android	0	0	1	0		http://mzl.la/1FIw2la	1
27356	Новo во Thunderbird 38.0	mk	\N	\N	26406		10	novo-vo-thunderbird-380	0	0	1	0		http://mzl.la/1g6nNe1	1
27365	Инсталирање Flash приклучок за гледање видеа, анимации и игри	mk	\N	\N	890		20	instaliranjee-flash-prikluchok-za-gledanje-videa-animacii-i-igri	0	0	1	0		http://mzl.la/1Hp0CWD	1
27367	Гледање  DRM содржина на Firefox	mk	\N	\N	25045		20	gledae-drm-sodrzhina-na-firefox	0	0	1	0		http://mzl.la/1BZSXxR	1
27379	Ажурирање на Firefox во најновата верзија	mk	98452	\N	735	<p>Стандардно, Firefox е наместен автоматски да се ажурира, но секогаш можете на направите и рачно ажурирање. Еве како:\
\
</p><span class="for" data-for="=fx10,=fx17,=fx24">\
<div class="for" data-for="win,mac"><div class="note"><strong>Note:</strong> If you are updating Firefox at work, please check with your IT department if you run into problems.</div></div>\
</span><p>\
</p><div class="for" data-for="linux">\
<div class="note"><strong>Забелешка:</strong> Ако користите пакет инсталиран од Вашата Linux дистрибуција, ќе биде потребно да почекате додека ажуриран пакет биде додаден во складиштата на дистрибувијата. Овој напис важи единствено ако рачно сте го инсталирале Firefox (без користење на менаџерот на пакети на дистрибуција).</div>\
</div>\
<ol><li><span class="for" data-for="not fx29"><span class="for" data-for="win7,win8">Во горниот дел на прозорецот на Firefox притиснете го копчето <span class="menu">Firefox</span>, одете до менито <span class="menu">Help</span> и одберете <span class="menu">За Firefox</span>.</span><span class="for" data-for="winxp,linux">Во горниот дел од прозорецот на Firefox притиснете го менито <span class="menu">Help</span> и одберете <span class="menu">За Firefox</span>.</span></span><span class="for" data-for="fx29"><span class="for" data-for="win,linux">Притиснете го копчето за мени \
\
\
  \
\
\
\
\
\
\
\
<img alt="New Fx Menu" class="wiki-image frameless lazy" data-original-src="https://user-media-stage-cdn.itsre-sumo.mozilla.net/uploads/gallery/images/2014-01-10-13-08-08-f52b8c.png" src="https://static-media-stage-cdn.itsre-sumo.mozilla.net/static/sumo/img/placeholder.gif" title="">\
\
\
, притиснете на помош \
\
\
  \
\
\
\
\
\
\
\
<img alt="Help-29" class="wiki-image frameless lazy" data-original-src="https://user-media-stage-cdn.itsre-sumo.mozilla.net/uploads/gallery/images/2014-01-10-13-10-08-eaa722.png" src="https://static-media-stage-cdn.itsre-sumo.mozilla.net/static/sumo/img/placeholder.gif" title="">\
\
\
и одберете <span class="menu">За Firefox</span>.</span></span><span class="for" data-for="mac">На линијата за менито притиснете го менито <span class="menu">Firefox</span> и одберете <span class="menu">За Firefox</span>.</span>\
</li><li>'Ќе се отвори прозорецот <strong>За Firefox</strong>  и Firefox ќе започне автоматски да проверува дали има ажурирања и да ги презема.\
<dl><dt><span class="for" data-for="win">\
\
\
  \
\
\
\
\
\
\
\
<img alt="Update Win1 Fx14" class="wiki-image frameless lazy" data-original-src="https://user-media-stage-cdn.itsre-sumo.mozilla.net/uploads/gallery/images/2013-11-01-14-54-24-fe04af.png" src="https://static-media-stage-cdn.itsre-sumo.mozilla.net/static/sumo/img/placeholder.gif" title="">\
\
\
</span>\
</dt></dl>\
</li><li>Кога ажурирањата се спремни за инсталирање притиснете на <span class="button"><span class="for" data-for="not fx34">Рестартирај за ажурирање</span><span class="for" data-for="fx34">Рестартирај за да се ажурира Firefox</span></span>. \
<dl><dt><span class="for" data-for="win"><span class="for" data-for="not fx34">\
\
\
  \
\
\
\
\
\
\
\
<img alt="Update Win2 Fx14" class="wiki-image frameless lazy" data-original-src="https://user-media-stage-cdn.itsre-sumo.mozilla.net/uploads/gallery/images/2013-11-01-14-53-55-567992.png" src="https://static-media-stage-cdn.itsre-sumo.mozilla.net/static/sumo/img/placeholder.gif" title="">\
\
\
</span><span class="for" data-for="fx34">\
\
\
  \
\
\
\
\
\
\
\
<img alt="Update Win2 Fx34" class="wiki-image frameless lazy" data-original-src="https://user-media-stage-cdn.itsre-sumo.mozilla.net/uploads/gallery/images/2015-01-18-07-45-57-7528d8.png" src="https://static-media-stage-cdn.itsre-sumo.mozilla.net/static/sumo/img/placeholder.gif" title="">\
\
\
</span></span>\
</dt></dl>\
</li></ol>\
<div class="warning"><strong>Важно:</strong> Ако ажурирањето не започнало, не завршило или имало други проблеми, Ве молиме да одите на страницата за  <a href="https://www.mozilla.org/firefox/all/">преземање</a> и да ја инсталирате најновата верзија на Firefox од <a href="http://mozilla.org">mozilla.org</a> за Вашиот оперативен систем или јазик.\
</div>\
<p>За да ги промените поставките за ажурирање, видете го написот <a href="/mk/kb/advanced-panel-settings-in-firefox#w_update-tab">Advanced panel - Accessibility, browsing, network, updates, and other advanced settings in Firefox</a>].\
</p>	20	azhurirae-na-firefox-vo-nanovata-verzi	0	0	1	0			1
27380	Напреден панел- Пристапност, прелистување, мрежа, ажурирања и други напредни поставки на Firefoc	mk	\N	\N	826		20	napreden-panel-pristapnost-prelistuvanje-mrezha-azhuriranja-i-drugi-napredni-postavki-na-Firefox	0	0	1	0		http://mzl.la/1eeWaOD	1
27381	Како да го избришам складот на Firefox	mk	\N	\N	761		20	kako-da-go-izbrisham-skladot-na-firefox	0	0	1	0		http://mzl.la/1LEfS4z	1
27389	Template:changesyncpw	mk	\N	\N	6134		60	templatechangesyncpw	1	0	1	0			1
27400	Како да симнете и инралирате Firefox на Windows	mk	\N	\N	729		20	kako-da-simnete-i-inralirate-firefox-na-windows	0	0	1	0		http://mzl.la/1Hvx1wG	1
27408	Кратенки на тастатура-Вршете  брзо чести задачи на Firefox	mk	\N	\N	868		20	kratenki-na-tastatura-vrshete-brzo-chesti-zadachi-na-firefox	0	0	1	0		http://mzl.la/1LBdPgO	1
27418	TLS Грешки	mk	\N	\N	23999		10	tls-greshki	0	0	1	0		http://mzl.la/1GOu3h7	1
27420	Користење на Лентата за пребарување на Firefox и управување со пребарувачите	mk	\N	\N	616		20	koristenje-na-lentata-za-prebaruvanjee-na-firefox-i-upruvanje-so-prebaruvachite	0	0	1	0		http://mzl.la/1gbQCWD	1
27435	Како да ажурирате во новиот Firefox синхронизација	mk	\N	\N	16828		20	kako-da-azhurirate-vo-noviot-firefox-sinhronizaciја	0	1	1	0		http://mzl.la/1FYmq5Q	1
27437	Како да знам дека мојата врска на одредена веб-страница е безбедна?	mk	\N	\N	664		20	kako-da-znam-deka-mojata-vrska-na-odredena-veb-stranica-e-bezbedna	0	0	1	0		http://mzl.la/1GVxrWx	1
27439	Што значат пораките за грешка SSLv3 на Firefox?	mk	\N	\N	23670		20	shto-znachat-porakite-za-greshka-sslv3-na-firefox	0	0	1	0		http://mzl.la/1Uj9OBk	1
27440	Инсталлирај Firefox на Linux	mk	\N	\N	730		20	installira-firefox-na-linux	0	0	1	0		http://mzl.la/1TaC6MV	1
27442	Заштитен режим на Adobe Flash  на Firefox	mk	\N	\N	25839		10	zashtiten-rezhim-na-adobe-flash-na-firefox	0	0	1	0		http://mzl.la/1TaMdkO	1
27464	Дали Firefox ќе проработи на мојот мобилен	mk	\N	\N	918		20	dali-firefox-e-proraboti-na-moot-mobilen	0	0	1	0		http://mzl.la/1KBlzjx	1
27468	Дознајте која верзија на Firefox користите	mk	\N	\N	701		20	doznate-ko-verzi-na-firefox-koristite	0	0	1	0		http://mzl.la/1UmFsxV	1
27470	Како да поставам Firefox синхронизација?	mk	\N	\N	6097		20	kako-da-postavam-firefox-sinhronizacija	0	0	1	0		http://mzl.la/1H6X61B	1
27499	Дали Firefox е достапен за iPhone и iPad	mk	\N	\N	12249		20	dali-firefox-e-dostapen-za-iphone-i-ipad	0	0	1	0		http://mzl.la/1JQqjyS	1
27501	Како да инсталирам Firefox на Android уред?	mk	\N	\N	877		20	kako-da-instaliram-firefox-na-android-ured	0	0	1	0		http://mzl.la/1NMGX3N	1
27514	Flash приклучок- одржување ажуриран и решавање проблеми	mk	\N	\N	900		20	flash-prikluchok-odrzhuvae-azhuriran-i-reshavae-pr	0	0	1	0		http://mzl.la/1Ux4g6o	1
27542	Слушајте радио	mk	\N	\N	12559		20	slushate-radio	0	0	1	0		http://mzl.la/1S9xVi6	1
27580	Користење Java приклучок за гледање интерактивна содржина на страници	mk	\N	\N	824		20	koristenje-java-prikluchok-za-gledanje-interaktivna-sodrzina-na-stranici	0	0	1	0		http://mzl.la/1Cu9g5Z	1
27581	Adobe Flash приклучокот се урна- Спречете повторно да се случи	mk	\N	\N	816		10	adobe-flash-prikluchokot-se-urna-sprechi-povtorno-da-se-sluchi-	0	0	1	0		http://mzl.la/1HpfLTt	1
27607	Како да гледам Flash видеа со Firefox за Android	mk	\N	\N	9393		10	kako-da-gledam-flash-videa-so-firefox-za-android	0	0	1	0		http://mzl.la/1TqII9T	1
27608	Создадете кратенка на вашата позадина до интернет страница	mk	\N	\N	658		20	sozdadete-kratenka-na-vashata-pozadina-do-internet	0	0	1	0		http://mzl.la/1SeafJh	1
27617	Профили- Каде Firefox ги складира Вашите обележувачи, лозинки и други податоци на корисникот	mk	\N	\N	925		20	profili-kade-firefox-gi-skladira-vashite-obelezhuvachi-lozinki-i-drugi-podatoci-na-korisnikot	0	0	1	0		http://mzl.la/1Sf4ICb	1
27618	Вклучете или исклучете колачиња од веб-страници со цел да ги следат Вашите претпочитања	mk	\N	\N	782		20	vkluchete-ili-iskluchete-kolachi-od-veb-stranici-so-cel-da-gi-sledat-vashite-pretpochitanja	0	0	1	0		http://mzl.la/1O18fDF	1
27627	Како да избришам обележувач	mk	\N	\N	609		20	kako-da-izbrisham-obelezhuvach	0	0	1	0		http://mzl.la/1HnKrrc	1
27665	Поставки за приватност, историја на прелистување и не-следи	mk	\N	\N	649		20	postavki-za-privatnost-istori-na-prelistuvae-i-ne-sledi	0	0	1	0		http://mzl.la/1KZBNDb	1
27760	Ажурирајте кон најновата верзија на Firefox за Android	mk	\N	\N	20114		20	azhurirate-kon-nanovata-verzi-na-firefox-za-androi	0	0	1	0		http://mzl.la/1K6uoiG	1
27784	Игнорирање на врски	mk	\N	\N	17220		10	ignorirae-na-vrski	0	0	1	0		http://mzl.la/1JiCphx	1
27794	Прозорец за информации на страница- Технички детали за страница	mk	\N	\N	571		20	prozorec-za-informacii-na-stranica-tehnichki-detali-za-stranica	0	0	1	0		http://mzl.la/1MvS8wW	1
27795	Поставки на блокаторот за скокачки прозорци, исклучоци и решавање проблеми	mk	\N	\N	650		20	postavki-na-blokatorot-za-skokachki-prozorci-isklu	0	0	1	0		http://mzl.la/1CJciTP	1
27796	Поставете Adobe Flash да се вклучува со кликање на Firefox	mk	\N	\N	25254		20	postavete-adobe-flash-da-se-vkluchuva-so-klikanje-na-Firefox	0	0	1	0		http://mzl.la/1HQTtKq	1
27803	Бришење на Вашата историја на прелистување и други лични податоци на Firefox  за Android	mk	\N	\N	8998		20	brishenje-na-vashata-istorija-na-prelistuvanje-i-drugi-lichni-podatoci-na-Firefox-za-Android	0	0	1	0		http://mzl.la/1HAuaNI	1
27809	Поставки за безбедност и лозинки	mk	\N	\N	819		20	postavki-za-bezbednost-i-lozinki	0	0	1	0		http://mzl.la/1RBIjE4	1
27813	Повратите изгубени или изчезнати Обележувачи	mk	\N	\N	807		10	povratite-izgubeni-ili-izcheznati-obelezhuvachi	0	0	1	0		http://mzl.la/1gDXGeB	1
27817	Решавање проблеми на Безбедниот режим на Firefox	mk	\N	\N	688		10	reshavanje-problemi-na-bezbedniot-rezhim-na-firefox	0	0	1	0		http://mzl.la/1DjD4NJ	1
27822	Ресетирање на вашата Главна Лозинка ако сте ја заборавиле	mk	\N	\N	480		10	resetirae-na-vashata-glavna-lozinka-ako-ste-zabora	0	0	1	0		http://mzl.la/1Oi7A0X	1
27836	Бришење колачиња со цел отстранување податоци кои веб-страници ги складирале на Вашиот компјутер	mk	\N	\N	703		20	brishenje-kolachi-so-cel-da-gi-otstranite-podatocite-koi-veb-stranici-gi-skladirale-na-vashiot-kompjuter	0	0	1	0		http://mzl.la/1gF4UiJ	1
27841	Увезете ги Обележувачите од HTML досиеа	mk	\N	\N	654		20	uvezete-gi-obelezhuvachite-od-html-dosiea	0	0	1	0		http://mzl.la/1J5I12Q	1
27864	Како да направам за Firefox и вебстраниците да бидат на цел екран	mk	\N	\N	8603		20	kako-da-napravam-za-firefox-i-vebstranicite-da-bid	0	0	1	0		http://mzl.la/1DnonJr	1
27898	Каде е Firefox Hello копчето?	mk	\N	\N	23335		20	kade-e-firefox-hello-kopcheto	0	1	1	0		http://mzl.la/1LyYcGr	1
27924	Овозможете Wi-Fi на Firefox за Android	mk	\N	\N	23180		20	ovozmozhete-wi-fi-na-firefox-za-android	0	0	1	0		http://mzl.la/1OvE5J3	1
27926	Која е мојата верзија на Оперативен Систем на Firefox	mk	\N	\N	15110		20	ko-e-moata-verzi-na-operativen-sistem-na-firefox	0	0	1	0		http://mzl.la/1Mjj59g	1
27941	Персонализирање на Почетната Страница	mk	\N	\N	17047		20	personalizirae-na-pochetnata-stranica	0	1	1	0		http://mzl.la/1GEhF1Q	1
27942	Овозможи илионевозможи колачи на Firefox за Android	mk	\N	\N	23025		20	ovozmozhi-ilionevozmozhi-kolachi-na-firefox-za-and	0	0	1	0		http://mzl.la/1Vx613P	1
27943	Пребарување во Целосен екран на Android	mk	\N	\N	14371		20	prebaruvae-vo-celosen-ekran-na-android	0	0	1	0		http://mzl.la/1ehLZbX	1
27960	Одстрани апликации	mk	\N	\N	14682		20	odstrani-aplikacii	0	0	1	0		http://mzl.la/1HXLsnW	1
27963	Новости во Thunderbird 31.0	mk	\N	\N	22088		10	novosti-vo-thunderbird-310	0	1	1	0		http://mzl.la/1KoSXYd	1
27969	Што е Webmaster?	mk	\N	\N	14306		20	shto-e-webmaster	0	1	1	0		http://mzl.la/1eoIL6r	1
27970	Намести Датум и Време	mk	\N	\N	14606		20	namesti-datum-i-vreme	0	0	1	0		http://mzl.la/1Jm0wQK	1
27971	Каде можам да добивам значки?	mk	\N	\N	19128		20	kade-mozham-da-dobivam-znachki	0	0	1	0		http://mzl.la/1Jm2Szf	1
28854	Заборави копче- брзо избришете ја Вашата историја на прелистување на Firefox	mk	\N	\N	23113		20	заборави-копче-брзо-избришете-Вашата-Историја-нa-прелистувачот	0	0	1	0		http://mzl.la/1i9tRUk	1
28867	Колачиња- Информација која веб-страниците ја складира на Вашиот компјутер	mk	\N	\N	670		20	kolachi-informaci-ko-veb-stranicite-skladira-na-va	0	0	1	0		http://mzl.la/1FwItC8	1
28907	Како да  овозможите  Јавата да работи на страниците на кои им верувате	mk	\N	\N	12217		10	kako-da-ovozmozhite-avata-da-raboti-na-stranicite-	0	0	1	0		http://mzl.la/1O7c1yn	1
28909	Совети за безбеден интернет шопинг	mk	\N	\N	23775		20	soveti-za-bezbeden-internet-shoping	0	0	1	0			1
28910	Инсталирање на постара верзија од  Firefox	mk	\N	\N	681		20	instalirae-na-postara-verzi-od-firefox	0	0	1	0		http://mzl.la/1Qvs5Iy	1
28912	Користете приклучоци за да слушате музика,гледате видеа,играте игри и повеќе	mk	\N	\N	911		20	koristete-prikluchoci-za-da-slushate-muzikagledate	0	0	1	0			1
28993	Дознајте како да ѓи пронајдете и инсталирате приклучоците за да додадете нови карактеристики на Firefox	mk	\N	\N	697		20	doznate-kako-da-i-pronadete-i-instalirate-prikluch	0	0	1	0		http://mzl.la/1KlrAia	1
28995	Дознајте како да ги оневозможите или избришете приклучоците	mk	\N	\N	633		20	doznate-kako-da-gi-onevozmozhite-ili-izbrishete-pr	0	0	1	0		http://mzl.la/1FStVwP	1
28998	Како да го деинсталирате  Firefox од Вашиот компјутер	mk	\N	\N	655		20	kako-da-go-deinstalirate-firefox-od-vashiot-komput	0	0	1	0		http://mzl.la/1NICiTG	1
29002	Користете теми за да го смените изгледот на Firefox	mk	\N	\N	803		20	koristete-temi-za-da-go-smenite-izgledot-na-firefo	0	0	1	0		http://mzl.la/1OkpAdN	1
29004	Дознајте како да ги увезете обележувачите од  Internet Explorer	mk	\N	\N	656		20	doznate-kako-da-gi-uvezete-obelezhuvachite-od-inte	0	0	1	0		http://mzl.la/1LDpYxR	1
29022	Како да го преземете и инсталирате Firefox на  Mac	mk	\N	\N	851		20	kako-da-go-prezemete-i-instalirate-firefox-na-mac	0	0	1	0			1
29023	Лента за обележувачи - Поставете ги Вашите омилени веб-страници најгоре на Firefox прозорчето	mk	\N	\N	600		20	lenta-za-obelezhuvachi-postavete-gi-vashite-omilen	0	0	1	0		http://mzl.la/1V1P92b	1
29024	Дознајте како да ги увезете обележувачите од Google Chrome	mk	\N	\N	523		20	doznate-kako-da-gi-uvezete-obelezhuvachite-od-goog	0	0	1	0		http://mzl.la/1LpnR5f	1
29026	Дознајте како да ги увезете обележувачите и личните податоци од друг прелистувач	mk	\N	\N	528		20	doznate-kako-da-gi-uvezete-obelezhuvachite-i-lichn	0	0	1	0			1
29027	Користете ја папката за обележувачи за да ги организирате Вашите обележувачи	mk	\N	\N	602		20	koristete-papkata-za-obelezhuvachi-za-da-gi-organi	0	0	1	0		http://mzl.la/1Qqlxu2	1
29029	Како да го направите Firefox основен прелистувач за Android уред	mk	\N	\N	12202		20	kako-da-go-napravite-firefox-osnoven-prelistuvach-	0	0	1	0			1
29031	Како да ги сортирате Вашите обележувачи за брзо да ѓи пронајдете тие што ги посакувате	mk	\N	\N	660		20	kako-da-gi-sortirate-vashite-obelezhuvachi-za-brzo	0	0	1	0			1
29032	Како да ги увезете Вашите обележувачи во Internet Explorer	mk	\N	\N	687		20	kako-da-gi-uvezete-vashite-obelezhuvachi-vo-intern	0	0	1	0		http://mzl.la/1Yppg0H	1
29033	Инсталирајте го Firefox на Вашите iPad, iPhone или iPod уреди	mk	\N	\N	28218		20	instalirate-go-firefox-na-vashite-ipad-iphone-ili-	0	0	1	0			1
29048	Режим на приватно прелистување во  Firefox за Android уреди	mk	\N	\N	12860		20	rezhim-na-privatno-prelistuvae-vo-firefox-za-andro	0	0	1	0		http://mzl.la/1FnIptN	1
29050	Firefox иконката за мени не е пронајдена на Android уредите - како да добиете пристап во менито	mk	\N	\N	21582		20	firefox-ikonkata-za-meni-ne-e-pronadena-na-android	0	0	1	0		http://mzl.la/1FnMle3	1
29051	Користете обележувачи во Firefox за Android уредите за полесно да ги пронајдете Вашите омилени веб-страници	mk	\N	\N	882		20	koristete-obelezhuvachi-vo-firefox-za-android-ured	0	0	1	0			1
29052	Извезете ги Вашите Internet Explorer Фаворити од друг компјутер	mk	\N	\N	608		20	izvezete-gi-vashite-internet-explorer-favoriti-od-	0	0	1	0		http://mzl.la/1WbV3Aj	1
29053	Како да ја користам  Do-not-track опцијата на Firefox за Android уредите?	mk	\N	\N	7869		20	kako-da-koristam-do-not-track-opciata-na-firefox-z	0	0	1	0			1
29054	Како да ја уклучам опцијата Do Not Track	mk	\N	\N	6664		20	kako-da-uklucham-opciata-do-not-track	0	0	1	0			1
29055	Увезете ги Вашите обележувачи во Safari	mk	\N	\N	847		20	uvezete-gi-vashite-obelezhuvachi-vo-safari	0	0	1	0			1
29057	Кои прелистувачи можат да работат со Firefox Hello?	mk	\N	\N	24243		20	koi-prelistuvachi-mozhat-da-rabotat-so-firefox-hel	0	1	1	0		http://mzl.la/1OJ54CP	1
29058	Користете го Firefox за Android за да праќате видеа на Chromecast	mk	\N	\N	22095		20	koristete-go-firefox-za-android-za-da-praate-videa	0	0	1	0		http://mzl.la/1Kshc5R	1
29059	Креирајте и уредете ја Вашата листа на контакти во Firefox Hello	mk	\N	\N	23262		20	kreirate-i-uredete-vashata-lista-na-kontakti-vo-fi	0	1	1	0		http://mzl.la/1KsjF0g	1
